-- Database: `gestion_commercial`
--
CREATE DATABASE gestion_commercial;
USE gestion_commercial;

-- Table structure for table `clients`
--

DROP TABLE IF EXISTS `clients`;
CREATE TABLE IF NOT EXISTS `clients` (
  `NumClient` bigint(20) NOT NULL AUTO_INCREMENT,
  `RaisonSocial` varchar(100) NOT NULL,
  `AdresseClient` varchar(100) NOT NULL,
  `VilleClient` varchar(50) NOT NULL,
  `Telephone` varchar(20) NOT NULL,
  PRIMARY KEY (`NumClient`)
) ENGINE=MyISAM AUTO_INCREMENT=123 DEFAULT CHARSET=utf8;

--
-- Dumping data for table `clients`
--

INSERT INTO `clients` (`NumClient`, `RaisonSocial`, `AdresseClient`, `VilleClient`, `Telephone`) VALUES
(1, 'HAX', '62 Forest Road , Agadir', 'Agadir', '0637038652'),
(2, 'BRI', '005 Eagan Point , Paris', 'Paris', '00 33839410205'),
(3, 'NKW', '5 Green Alley , Oujda', 'Oujda', '0693599491'),
(4, 'UTT', '0322 Manufacturers Street , Hong Kong', 'Hong Kong', '+85225872306'),
(5, 'XEN', '778 Harbort Court , Fez', 'Fez', '0691658836'),
(6, 'YPL', '5161 Glendale Terrace , Paris', 'Paris', '00 33226726736'),
(7, 'MKV', '516 Buena Vista Court , Kenitra', 'Kenitra', '0689989231'),
(8, 'CIQ', '912 Waxwing Drive , New York', 'New York', '1-1212-5696279'),
(9, 'WSM', '5 Merry Terrace , Kenitra', 'Kenitra', '0696969456'),
(10, 'AOY', '72 Lien Road , Casablanca', 'Casablanca', '0658990897'),
(11, 'GZM', '1423 Mockingbird Way , Bangkok', 'Bangkok', '+66-027430399'),
(12, 'TMH', '4320 Browning Circle , Mohammedia', 'Mohammedia', '0660227057'),
(13, 'JOY', '74694 Evergreen Parkway , New York', 'New York', '1-1212-9549120'),
(14, 'ATF', '95 Chinook Way , Meknes', 'Meknes', '0623167003'),
(15, 'ZYJ', '65 Delaware Plaza , London', 'London', '+44 20 1537 4976'),
(16, 'DRX', '7358 Rigney Drive , Agadir', 'Agadir', '0674613285'),
(17, 'KUC', '4690 Mandrake Road , Oujda', 'Oujda', '0692707257'),
(18, 'ZVW', '318 Northfield Pass , Bangkok', 'Bangkok', '+66-028528065'),
(19, 'BVU', '63509 Hintze Hill , Fez', 'Fez', '0646770316'),
(20, 'AZZ', '673 Upham Avenue , Kenitra', 'Kenitra', '0638233972'),
(21, 'TKW', '96 Lukken Center , Hong Kong', 'Hong Kong', '+85249983574'),
(22, 'DHU', '968 Mayfield Street , Marrakesh', 'Marrakesh', '0660763027'),
(23, 'QLY', '484 Buena Vista Court , Berlin', 'Berlin', '1-4930-7823791'),
(24, 'ULJ', '469 Springs Avenue , Fez', 'Fez', '0645311592'),
(25, 'JRZ', '72433 Grayhawk Way , New York', 'New York', '1-1212-9566708'),
(26, 'XAB', '55174 Heffernan Point , Fez', 'Fez', '0638450069'),
(27, 'JKH', '3 Duke Road , Rabat', 'Rabat', '0655808376'),
(28, 'JBA', '2 Dakota Lane , New York', 'New York', '1-1212-2316978'),
(29, 'JOZ', '206 Carey Center , Tetouan', 'Tetouan', '0658998379'),
(30, 'PYA', '18 Corscot Hill , Hong Kong', 'Hong Kong', '+85244650510'),
(31, 'ZPU', '36 Melody Terrace , Bangkok', 'Bangkok', '+66-025114720'),
(32, 'QJY', '591 Truax Avenue , Paris', 'Paris', '00 33463345274'),
(33, 'EEP', '68 Cordelia Drive , Kenitra', 'Kenitra', '0614702258'),
(34, 'RAF', '921 Menomonie Drive , Agadir', 'Agadir', '0655734807'),
(35, 'BNE', '38 Eggendart Avenue , Hong Kong', 'Hong Kong', '+85223629130'),
(36, 'NMR', '58597 Reindahl Court , New York', 'New York', '1-1212-1204981'),
(37, 'RDW', '94 Raven Point , Tetouan', 'Tetouan', '0621838617'),
(38, 'TMD', '61839 Buena Vista Parkway , Rabat', 'Rabat', '0669829033'),
(39, 'YSX', '58313 Laurel Way , Tetouan', 'Tetouan', '0699095349'),
(40, 'YFN', '6 Acker Plaza , Mohammedia', 'Mohammedia', '0683691365'),
(41, 'AFH', '8268 Victoria Terrace , Paris', 'Paris', '00 33845600917'),
(42, 'CQR', '96056 Sunfield Point , Paris', 'Paris', '00 33512380162'),
(43, 'UWU', '98 Kropf Crossing , Fez', 'Fez', '0640659788'),
(44, 'NBW', '9065 Arapahoe Plaza , Fez', 'Fez', '0641087978'),
(45, 'ZMY', '186 Fallview Parkway , Agadir', 'Agadir', '0676440907'),
(46, 'OUM', '936 Old Shore Park , Hong Kong', 'Hong Kong', '+85246873805'),
(47, 'VYT', '6 Messerschmidt Hill , Fez', 'Fez', '0627769974'),
(48, 'UVW', '06 Hauk Place , Meknes', 'Meknes', '0687332263'),
(49, 'MNY', '3064 Basil Point , Paris', 'Paris', '00 33507037373'),
(50, 'IEA', '841 Luster Street , Meknes', 'Meknes', '0687741271'),
(51, 'ZYP', '96 Jana Pass , New York', 'New York', '1-1212-8826905'),
(52, 'AJS', '39084 Elgar Circle , Agadir', 'Agadir', '0659630470'),
(53, 'STS', '0 Hazelcrest Parkway , Mohammedia', 'Mohammedia', '0663728677'),
(54, 'YFB', '97 Vahlen Park , Tangier', 'Tangier', '0678056865'),
(55, 'VCS', '95731 Golf Course Point , Kenitra', 'Kenitra', '0647675186'),
(56, 'KHM', '579 Mallory Road , Paris', 'Paris', '00 33155840995'),
(57, 'AYK', '044 Waywood Point , Hong Kong', 'Hong Kong', '+85279171916'),
(58, 'OCG', '93290 Bobwhite Way , Fez', 'Fez', '0658941591'),
(59, 'RHV', '8 Michigan Street , Dubai', 'Dubai', '00-971-50-792-7926'),
(60, 'JAT', '0 Derek Drive , Meknes', 'Meknes', '0670378303'),
(61, 'WYU', '53192 Logan Circle , Dubai', 'Dubai', '00-971-50-302-3028'),
(62, 'KKN', '44784 Shoshone Terrace , Meknes', 'Meknes', '0647004939'),
(63, 'OWJ', '7778 Rigney Junction , Agadir', 'Agadir', '0674182027'),
(64, 'KJV', '456 Heath Drive , Hong Kong', 'Hong Kong', '+85271469875'),
(65, 'PCH', '33 Washington Pass , Rabat', 'Rabat', '0653939248'),
(66, 'MVS', '41 Bobwhite Junction , Meknes', 'Meknes', '0625332898'),
(67, 'HYP', '7346 Morrow Alley , Meknes', 'Meknes', '0679069683'),
(68, 'DBQ', '537 Derek Hill , Oujda', 'Oujda', '0669441635'),
(69, 'GQA', '24778 Leroy Hill , Meknes', 'Meknes', '0675644595'),
(70, 'PYM', '2674 Melrose Lane , London', 'London', '+44 20 7813 5796'),
(71, 'YPR', '440 Old Shore Place , Marrakesh', 'Marrakesh', '0665357118'),
(72, 'BPF', '83 Grayhawk Way , Rabat', 'Rabat', '0668514380'),
(73, 'PGG', '06929 Harper Avenue , Paris', 'Paris', '00 33441262858'),
(74, 'YUE', '7613 Bartillon Pass , Berlin', 'Berlin', '1-4930-8432238'),
(75, 'FCX', '2595 Bellgrove Trail , Kenitra', 'Kenitra', '0642252159'),
(76, 'DPQ', '32 Buell Court , Oujda', 'Oujda', '0637917238'),
(77, 'YHP', '34 Tennessee Point , Tetouan', 'Tetouan', '0651818565'),
(78, 'AAV', '1133 Eliot Drive , Bangkok', 'Bangkok', '+66-028466647'),
(79, 'GAW', '7 Larry Alley , Berlin', 'Berlin', '1-4930-6243382'),
(80, 'IBZ', '160 Fairfield Place , Mohammedia', 'Mohammedia', '0699214662'),
(81, 'UQW', '9 Summer Ridge Road , Ouarzazate', 'Ouarzazate', '0660185560'),
(82, 'BRX', '20 Blue Bill Park Street , Agadir', 'Agadir', '0681341926'),
(83, 'QYT', '58 Glacier Hill Street , Tetouan', 'Tetouan', '0614386905'),
(84, 'FTS', '23 Main Circle , Paris', 'Paris', '00 33382483578'),
(85, 'JQY', '6 Waubesa Avenue , Fez', 'Fez', '0626258191'),
(86, 'RTX', '183 Granby Crossing , Oujda', 'Oujda', '0682083330'),
(87, 'BWC', '5 Warner Point , Fez', 'Fez', '0664579604'),
(88, 'STC', '4207 Lake View Road , Dubai', 'Dubai', '00-971-50-641-6415'),
(89, 'UEA', '83746 Wayridge Parkway , New York', 'New York', '1-1212-4740082'),
(90, 'ZGY', '8 Southridge Pass , Casablanca', 'Casablanca', '0683726062'),
(91, 'EKZ', '39 Southridge Drive , Dubai', 'Dubai', '00-971-50-634-6347'),
(92, 'JEH', '11 Russell Park , Agadir', 'Agadir', '0673130549'),
(93, 'UJR', '068 Calypso Alley , New York', 'New York', '1-1212-7069271'),
(94, 'GYJ', '4698 Caliangt Trail , Tetouan', 'Tetouan', '0642167453'),
(95, 'DVP', '012 Maryland Drive , New York', 'New York', '1-1212-6696348'),
(96, 'WBV', '960 Cottonwood Terrace , Bangkok', 'Bangkok', '+66-027356069'),
(97, 'WSU', '255 Lakewood Park , Kenitra', 'Kenitra', '0682831424'),
(98, 'XRX', '413 Holy Cross Lane , Tangier', 'Tangier', '0638177952'),
(99, 'XRS', '55 Walton Parkway , Kenitra', 'Kenitra', '0680478331'),
(100, 'HQY', '5 Blaine Trail , New York', 'New York', '1-1212-6876641'),
(101, 'FKM', '4 Packers Circle , Casablanca', 'Casablanca', '0685271500'),
(102, 'ZHT', '388 Veith Trail , Berlin', 'Berlin', '1-4930-1269965'),
(103, 'NHH', '70 Carioca Lane , Bangkok', 'Bangkok', '+66-028837491'),
(104, 'YSG', '60 Farmco Junction , Dubai', 'Dubai', '00-971-50-503-5034'),
(105, 'WZJ', '25752 Eagle Crest Avenue , Bangkok', 'Bangkok', '+66-021292802'),
(106, 'IOV', '5566 Golden Leaf Park , Agadir', 'Agadir', '0653361158'),
(107, 'MBA', '080 Elgar Plaza , Kenitra', 'Kenitra', '0612681884'),
(108, 'PJE', '96863 Susan Hill , Mohammedia', 'Mohammedia', '0617284325'),
(109, 'WCY', '01 Straubel Avenue , New York', 'New York', '1-1212-9012734'),
(110, 'QYA', '9272 Anthes Place , Fez', 'Fez', '0631324453'),
(111, 'BYB', '8229 Sachs Road , Tetouan', 'Tetouan', '0656693945'),
(112, 'OGX', '5720 Annamark Avenue , Paris', 'Paris', '00 33559076689'),
(113, 'HWQ', '57336 School Avenue , Berlin', 'Berlin', '1-4930-7734833'),
(114, 'DUW', '22190 Oxford Lane , Meknes', 'Meknes', '0622678914'),
(115, 'RFX', '61941 Hagan Park , Hong Kong', 'Hong Kong', '+85227285686'),
(116, 'QBX', '24 Granby Plaza , Rabat', 'Rabat', '0646713102'),
(117, 'MRA', '69057 Katie Crossing , Marrakesh', 'Marrakesh', '0673019759'),
(118, 'RLI', '078 Ohio Junction , Kenitra', 'Kenitra', '0628910315'),
(119, 'TXV', '7105 8th Road , Hong Kong', 'Hong Kong', '+85289401932'),
(120, 'QEV', '6 Goodland Hill , Agadir', 'Agadir', '0653225970'),
(121, 'SSA', 'HAY ALMASSIRA , OUARZAZATE', 'Ouarzazate', '0644904074'),
(122, 'LLA', 'Hay AL adarissa rue 19 , Madrid', 'Madrid', '+482919237325');


-- Table structure for table `commandes`
--

DROP TABLE IF EXISTS `commandes`;
CREATE TABLE IF NOT EXISTS `commandes` (
  `NumCommande` int(11) NOT NULL AUTO_INCREMENT,
  `NumClient` int(11) DEFAULT NULL,
  `DateCommande` date DEFAULT NULL,
  PRIMARY KEY (`NumCommande`),
  KEY `fk_numc` (`NumClient`)
) ENGINE=MyISAM AUTO_INCREMENT=188 DEFAULT CHARSET=utf8;

--
-- Dumping data for table `commandes`
--

INSERT INTO `commandes` (`NumCommande`, `NumClient`, `DateCommande`) VALUES
(1, 1, '2016-02-09'),
(2, 2, '2016-05-09'),
(3, 3, '2016-01-07'),
(4, 4, '2015-11-01'),
(5, 5, '2016-03-05'),
(6, 6, '2016-05-16'),
(7, 7, '2016-04-06'),
(8, 8, '2016-02-29'),
(9, 9, '2016-05-29'),
(10, 10, '2016-04-13'),
(11, 11, '2016-03-09'),
(12, 12, '2015-10-25'),
(13, 13, '2016-04-22'),
(14, 14, '2016-02-06'),
(15, 15, '2015-11-07'),
(16, 16, '2015-10-28'),
(17, 17, '2016-01-10'),
(18, 18, '2015-10-28'),
(19, 19, '2015-12-03'),
(20, 20, '2015-11-14'),
(21, 21, '2015-10-27'),
(22, 22, '2015-11-10'),
(23, 23, '2016-03-17'),
(24, 24, '2015-11-07'),
(25, 25, '2016-04-26'),
(26, 26, '2016-05-10'),
(27, 27, '2016-06-02'),
(28, 28, '2016-04-09'),
(29, 29, '2015-12-02'),
(30, 30, '2016-06-21'),
(31, 31, '2015-11-02'),
(32, 32, '2015-11-30'),
(33, 33, '2015-11-20'),
(34, 34, '2015-12-13'),
(35, 35, '2016-05-31'),
(36, 36, '2015-11-07'),
(37, 37, '2016-04-15'),
(38, 38, '2016-06-20'),
(39, 39, '2016-01-20'),
(40, 40, '2016-05-04'),
(41, 41, '2016-06-10'),
(42, 42, '2015-11-08'),
(43, 43, '2016-01-19'),
(44, 44, '2016-03-19'),
(45, 45, '2016-01-20'),
(46, 46, '2016-04-20'),
(47, 47, '2016-06-11'),
(48, 48, '2016-03-31'),
(49, 49, '2015-10-26'),
(50, 50, '2016-02-14'),
(51, 51, '2015-11-03'),
(52, 52, '2016-01-20'),
(53, 53, '2016-02-24'),
(54, 54, '2016-06-18'),
(55, 55, '2015-12-06'),
(56, 56, '2016-01-04'),
(57, 57, '2016-05-17'),
(58, 58, '2016-05-18'),
(59, 59, '2016-03-30'),
(60, 60, '2016-02-27'),
(61, 61, '2015-10-24'),
(62, 62, '2016-01-25'),
(63, 63, '2016-06-02'),
(64, 64, '2016-05-24'),
(65, 65, '2016-04-18'),
(66, 66, '2016-05-14'),
(67, 67, '2016-02-27'),
(68, 68, '2016-02-10'),
(69, 69, '2016-01-02'),
(70, 70, '2016-04-09'),
(71, 71, '2016-06-18'),
(72, 72, '2016-06-10'),
(73, 73, '2016-02-22'),
(74, 74, '2016-01-11'),
(75, 75, '2015-11-29'),
(76, 76, '2015-11-13'),
(77, 77, '2016-01-21'),
(78, 78, '2016-05-30'),
(79, 79, '2016-05-17'),
(80, 80, '2016-03-28'),
(81, 81, '2016-02-04'),
(82, 82, '2015-10-31'),
(83, 83, '2015-11-22'),
(84, 84, '2016-06-15'),
(85, 85, '2016-06-14'),
(86, 86, '2016-04-08'),
(87, 87, '2016-02-20'),
(88, 88, '2016-04-20'),
(89, 89, '2016-02-16'),
(90, 90, '2016-01-19'),
(91, 91, '2015-10-27'),
(92, 92, '2016-01-01'),
(93, 93, '2016-01-15'),
(94, 94, '2016-01-22'),
(95, 95, '2015-12-09'),
(96, 96, '2015-12-17'),
(97, 97, '2016-01-14'),
(98, 98, '2016-01-16'),
(99, 99, '2016-06-03'),
(100, 100, '2016-04-16'),
(101, 101, '2016-03-21'),
(102, 102, '2016-01-13'),
(103, 103, '2016-06-08'),
(104, 104, '2016-01-01'),
(105, 105, '2016-05-15'),
(106, 106, '2015-12-27'),
(107, 107, '2016-03-24'),
(108, 108, '2016-05-24'),
(109, 109, '2015-12-07'),
(110, 110, '2015-12-23'),
(111, 111, '2015-10-26'),
(112, 112, '2015-12-26'),
(113, 113, '2016-03-31'),
(114, 114, '2015-11-29'),
(115, 115, '2016-02-16'),
(116, 116, '2015-10-28'),
(117, 117, '2016-05-29'),
(118, 118, '2015-12-20'),
(119, 119, '2016-03-22'),
(120, 120, '2015-12-17'),
(121, 57, '2015-12-22'),
(122, 53, '2016-04-13'),
(123, 16, '2016-01-30'),
(124, 111, '2016-05-15'),
(125, 25, '2016-04-22'),
(126, 117, '2015-11-01'),
(127, 25, '2015-10-29'),
(128, 3, '2016-05-02'),
(129, 95, '2015-11-14'),
(130, 99, '2016-06-06'),
(131, 119, '2016-01-04'),
(132, 63, '2015-12-30'),
(133, 19, '2016-03-11'),
(134, 48, '2015-12-20'),
(135, 40, '2016-05-25'),
(136, 48, '2016-05-02'),
(137, 106, '2016-05-05'),
(138, 116, '2015-12-14'),
(139, 116, '2015-12-06'),
(140, 49, '2016-04-13'),
(141, 95, '2015-11-29'),
(142, 100, '2016-01-20'),
(143, 84, '2016-04-30'),
(144, 63, '2016-06-04'),
(145, 66, '2015-10-31'),
(146, 25, '2016-01-19'),
(147, 59, '2015-10-25'),
(148, 20, '2015-10-27'),
(149, 45, '2016-02-09'),
(150, 69, '2016-06-03'),
(151, 62, '2016-01-06'),
(152, 73, '2015-12-23'),
(153, 81, '2016-05-09'),
(154, 14, '2016-01-07'),
(155, 91, '2015-11-28'),
(156, 16, '2016-03-14'),
(157, 110, '2016-06-21'),
(158, 92, '2016-01-11'),
(159, 25, '2016-01-06'),
(160, 114, '2015-11-16'),
(161, 5, '2015-12-28'),
(162, 32, '2016-05-06'),
(163, 1, '2015-11-21'),
(164, 20, '2016-04-30'),
(165, 46, '2016-02-26'),
(166, 34, '2015-12-12'),
(167, 94, '2016-01-09'),
(168, 112, '2016-05-05'),
(169, 77, '2015-11-01'),
(170, 66, '2016-03-10'),
(171, 38, '2015-12-22'),
(172, 33, '2015-11-19'),
(173, 95, '2016-03-09'),
(174, 111, '2016-01-17'),
(175, 95, '2016-06-22'),
(176, 57, '2016-06-08'),
(177, 30, '2015-10-29'),
(178, 110, '2015-11-08'),
(179, 13, '2015-11-08'),
(180, 104, '2016-05-20'),
(181, 1, '2022-10-23'),
(182, 66, '2022-10-23'),
(183, 37, '2022-02-23'),
(184, 73, '2022-07-23'),
(185, 77, '2020-09-19'),
(186, 122, '2020-09-19'),
(187, 4, '2020-09-19');


-- Table structure for table `detailscommande`
--

DROP TABLE IF EXISTS `detailscommande`;
CREATE TABLE IF NOT EXISTS `detailscommande` (
  `NumCommande` int(11) NOT NULL,
  `RefProduit` varchar(100) NOT NULL,
  `QteCommandee` int(11) DEFAULT NULL,
  PRIMARY KEY (`NumCommande`,`RefProduit`),
  KEY `RefProduit` (`RefProduit`)
) ENGINE=MyISAM DEFAULT CHARSET=utf8;

--
-- Dumping data for table `detailscommande`
--

INSERT INTO `detailscommande` (`NumCommande`, `RefProduit`, `QteCommandee`) VALUES
(1, '205875555-3', 2),
(2, '552697186-4', 4),
(3, '866650063-8', 1),
(4, '857141816-0', 4),
(5, '519726499-3', 4),
(6, '401993971-3', 4),
(7, '550634397-3', 6),
(8, '158604109-6', 5),
(9, '673535264-5', 3),
(10, '807095064-1', 3),
(11, '427254651-1', 5),
(12, '924624476-1', 3),
(13, '954874065-6', 3),
(14, '366834123-0', 1),
(15, '813169847-5', 1),
(16, '824045549-2', 5),
(17, '153784567-5', 1),
(18, '536055138-0', 3),
(19, '302316567-X', 1),
(20, '397362972-2', 2),
(21, '439055215-5', 4),
(22, '785881603-9', 6),
(23, '441356735-8', 4),
(24, '519726499-3', 6),
(25, '998456044-9', 2),
(26, '535637416-X', 6),
(27, '994539263-8', 4),
(28, '769814162-4', 1),
(29, '022914120-X', 5),
(30, '346234655-5', 2),
(31, '857141816-0', 2),
(32, '439055215-5', 2),
(33, '205875555-3', 5),
(34, '748986041-5', 2),
(35, '440424420-7', 2),
(36, '879322178-9', 1),
(37, '091518827-9', 1),
(38, '785881603-9', 6),
(39, '313972177-3', 2),
(40, '209737085-3', 2),
(41, '382039024-3', 6),
(42, '632397134-8', 6),
(43, '748986041-5', 3),
(44, '346234655-5', 3),
(45, '089187601-4', 4),
(46, '954220686-0', 4),
(47, '153784567-5', 6),
(48, '200915000-7', 1),
(49, '849148187-7', 2),
(50, '753545025-3', 3),
(51, '824045549-2', 1),
(52, '209737085-3', 6),
(53, '574108962-3', 2),
(54, '998456044-9', 1),
(55, '632397134-8', 6),
(56, '536055138-0', 3),
(57, '416026154-X', 5),
(58, '954084932-2', 2),
(59, '954874065-6', 4),
(60, '550634397-3', 2),
(61, '632397134-8', 6),
(62, '532395224-5', 3),
(63, '499595317-5', 1),
(64, '303628081-2', 5),
(65, '901397251-9', 4),
(66, '346234655-5', 4),
(67, '673535264-5', 2),
(68, '532395224-5', 2),
(69, '550634397-3', 4),
(70, '901397251-9', 6),
(71, '666343765-8', 5),
(72, '872240763-4', 3),
(73, '698614396-6', 3),
(74, '872240763-4', 1),
(75, '241525203-4', 3),
(76, '872240763-4', 5),
(77, '005176935-2', 4),
(78, '531532644-6', 3),
(79, '039155379-8', 6),
(80, '645888227-0', 5),
(81, '213196121-9', 2),
(82, '382039024-3', 3),
(83, '091518827-9', 3),
(84, '550634397-3', 2),
(85, '735903658-5', 6),
(86, '205875555-3', 3),
(87, '954084932-2', 3),
(88, '901397251-9', 5),
(89, '895216147-5', 2),
(90, '994539263-8', 1),
(91, '519726499-3', 5),
(92, '354087710-X', 5),
(93, '627235357-X', 3),
(94, '005176935-2', 4),
(95, '632397134-8', 5),
(96, '321936167-6', 3),
(97, '526077238-5', 6),
(98, '132042908-4', 5),
(99, '078893474-0', 3),
(100, '753545025-3', 6),
(101, '753545025-3', 2),
(102, '536564244-9', 1),
(103, '346234655-5', 1),
(104, '487769346-7', 3),
(105, '787538508-3', 4),
(106, '947021675-X', 6),
(107, '104911757-3', 1),
(108, '905448464-0', 4),
(109, '132042908-4', 1),
(110, '879322178-9', 5),
(111, '895216147-5', 2),
(112, '089187601-4', 4),
(113, '005176935-2', 5),
(114, '089187601-4', 2),
(115, '153784567-5', 1),
(116, '213196121-9', 1),
(117, '666343765-8', 3),
(118, '924624476-1', 2),
(119, '241525203-4', 2),
(120, '535637416-X', 4),
(121, '276481794-0', 2),
(122, '531532644-6', 2),
(123, '851012004-8', 4),
(124, '425010051-0', 4),
(125, '753545025-3', 1),
(126, '276481794-0', 6),
(127, '487769346-7', 4),
(128, '439956519-5', 1),
(129, '632397134-8', 4),
(130, '647712691-5', 3),
(131, '039155379-8', 6),
(132, '332066666-5', 5),
(133, '847306066-0', 3),
(134, '561121612-9', 3),
(135, '550634397-3', 1),
(136, '998456044-9', 5),
(137, '895216147-5', 5),
(138, '078893474-0', 5),
(139, '886978317-0', 1),
(140, '532395224-5', 1),
(141, '924624476-1', 6),
(142, '684920061-5', 4),
(143, '536564244-9', 5),
(144, '293632672-9', 6),
(145, '323419805-5', 1),
(146, '924624476-1', 3),
(147, '153784567-5', 6),
(148, '390040539-5', 3),
(149, '535637416-X', 1),
(150, '824045549-2', 5),
(151, '535637416-X', 5),
(152, '813169847-5', 4),
(153, '200915000-7', 1),
(154, '323419805-5', 5),
(155, '441356735-8', 5),
(156, '735903658-5', 1),
(157, '276481794-0', 1),
(158, '567976903-4', 3),
(159, '901397251-9', 6),
(160, '427254651-1', 3),
(161, '998456044-9', 2),
(162, '954084932-2', 4),
(163, '397362972-2', 4),
(164, '673535264-5', 5),
(165, '673535264-5', 4),
(166, '574108962-3', 1),
(167, '753545025-3', 2),
(168, '025911181-3', 2),
(169, '866650063-8', 1),
(170, '666343765-8', 1),
(171, '684920061-5', 2),
(172, '487769346-7', 6),
(173, '091518827-9', 3),
(174, '552697186-4', 4),
(175, '787538508-3', 2),
(176, '158604109-6', 5),
(177, '200915000-7', 3),
(178, '879322178-9', 6),
(179, '879322178-9', 4),
(180, '847306066-0', 2),
(181, '550634397-3', 3),
(66, '866650063-8', 1),
(66, '332066666-5', 1),
(37, '078893474-0', 1),
(37, '866650063-8', 2),
(73, '807095064-1', 6),
(73, '241525203-4', 2),
(185, '536055138-0', 9),
(186, '536055138-0', 9);


-- Table structure for table `produits`
--

DROP TABLE IF EXISTS `produits`;
CREATE TABLE IF NOT EXISTS `produits` (
  `RefProduit` varchar(100) NOT NULL,
  `NomProduit` varchar(50) DEFAULT NULL,
  `PrixUnitaire` float DEFAULT NULL,
  `QteStockee` int(11) DEFAULT NULL,
  `Disponible` varchar(5) DEFAULT NULL,
  PRIMARY KEY (`RefProduit`)
) ENGINE=MyISAM DEFAULT CHARSET=utf8;

--
-- Dumping data for table `produits`
--

INSERT INTO `produits` (`RefProduit`, `NomProduit`, `PrixUnitaire`, `QteStockee`, `Disponible`) VALUES
('536055138-0', 'Towels - Paper / Kraft', 888.1, 17, 'Oui'),
('673535264-5', 'Pepper - Gypsy Pepper', 300, 0, 'Non'),
('444943954-6', 'Pasta - Lasagna, Dry', 502.83, 26, 'Oui'),
('857141816-0', 'Cognac - Courvaisier', 56.12, 45, 'Oui'),
('366834123-0', 'Nestea - Iced Tea', 952.98, 43, 'Oui'),
('550634397-3', 'Shallots', 490.85, 4, 'Oui'),
('201136188-5', 'Garbage Bag - Clear', 687.55, 32, 'Oui'),
('321936167-6', 'Chocolate Bar - Smarties', 127.62, 47, 'Oui'),
('526077238-5', 'Quail - Jumbo', 298.47, 0, 'Non'),
('552697186-4', 'Crab - Blue, Frozen', 139.69, 3, 'Oui'),
('153784567-5', 'Sprouts - Brussel', 253.61, 49, 'Oui'),
('005176935-2', 'Lettuce - Iceberg', 862.29, 47, 'Oui'),
('487769346-7', 'Coriander - Seed', 420.32, 11, 'Oui'),
('748986041-5', 'Beef - Inside Round', 801.68, 0, 'Non'),
('872240763-4', 'Sugar - Brown', 531.07, 31, 'Oui'),
('293632672-9', 'Eggroll', 300, 44, 'Oui'),
('956693499-8', 'Longos - Chicken Caeser Salad', 135.69, 14, 'Oui'),
('632397134-8', 'Corn Meal', 440.45, 44, 'Oui'),
('532395224-5', 'Wine - Magnotta - Cab Sauv', 885.74, 1, 'Oui'),
('905448464-0', 'Wine - Crozes Hermitage E.', 605.06, 33, 'Oui'),
('824045549-2', 'Cheese - Woolwich Goat, Log', 432.17, 12, 'Oui'),
('499595317-5', 'Hold Up Tool Storage Rack', 717.36, 5, 'Oui'),
('574108962-3', 'Lettuce - Red Leaf', 727.78, 2, 'Oui'),
('276481794-0', 'Red Snapper - Fillet, Skin On', 76.01, 6, 'Oui'),
('390040539-5', 'Ecolab - Power Fusion', 389.53, 25, 'Oui'),
('895216147-5', 'Wine - Delicato Merlot', 927.13, 50, 'Oui'),
('213196121-9', 'Bacardi Raspberry', 397.55, 46, 'Oui'),
('416026154-X', 'Milk - Chocolate 500ml', 439.63, 32, 'Oui'),
('851012004-8', 'Water - Evian 355 Ml', 813.23, 9, 'Oui'),
('089187601-4', 'Cookies - Englishbay Oatmeal', 802.68, 31, 'Oui'),
('091518827-9', 'Wine - Red, Black Opal Shiraz', 558.25, 4, 'Oui'),
('132042908-4', 'Sweet Pea Sprouts', 340.52, 28, 'Oui'),
('787538508-3', 'Soup Campbells Beef With Veg', 746.7, 4, 'Oui'),
('698614396-6', 'Flower - Daisies', 305.16, 19, 'Oui'),
('735903658-5', 'Seaweed Green Sheets', 710.84, 28, 'Oui'),
('954220686-0', 'Wine - Duboeuf Beaujolais', 716.42, 27, 'Oui'),
('847306066-0', 'Pork - Back, Short Cut, Boneless', 419.77, 17, 'Oui'),
('354087710-X', 'Crab - Claws, Snow 16 - 24', 492.22, 43, 'Oui'),
('788074672-2', 'Rye Special Old', 300, 15, 'Oui'),
('849148187-7', 'Sauce - Balsamic Viniagrette', 978.22, 15, 'Oui'),
('440424420-7', 'Haggis', 91.81, 42, 'Oui'),
('427254651-1', 'Wine - Alsace Riesling Reserve', 735.11, 26, 'Oui'),
('785881603-9', 'Split Peas - Yellow, Dry', 471.77, 38, 'Oui'),
('813169847-5', 'Bar Energy Chocchip', 81.64, 24, 'Oui'),
('205875555-3', 'Cheese - Feta', 300, 20, 'Oui'),
('924624476-1', 'Flour - Bran, Red', 65.62, 42, 'Oui'),
('196749715-X', 'Pastry - Baked Scones - Mini', 380.32, 37, 'Oui'),
('313972177-3', 'Sprouts - Corn', 239.01, 36, 'Oui'),
('769814162-4', 'Chocolate - Unsweetened', 620.84, 48, 'Oui'),
('401993971-3', 'Tuna - Fresh', 479.3, 14, 'Oui'),
('866650063-8', 'Boogies', 643.77, 18, 'Oui'),
('994539263-8', 'Bread - Crusty Italian Poly', 330.26, 2, 'Oui'),
('125324534-7', 'Pastry - Chocolate Chip Muffin', 468.61, 44, 'Oui'),
('947021675-X', 'Flour - Buckwheat, Dark', 767.86, 24, 'Oui'),
('535637416-X', 'Wine - Cotes Du Rhone Parallele', 972.15, 10, 'Oui'),
('439956519-5', 'Lid Coffee Cup 8oz Blk', 623.42, 7, 'Oui'),
('954084932-2', 'Bread Base - Italian', 148.88, 11, 'Oui'),
('425010051-0', 'Hog / Sausage Casing - Pork', 776.67, 31, 'Oui'),
('298531261-2', 'Chocolate - Sugar Free Semi Choc', 300, 34, 'Oui'),
('104911757-3', 'Bread - French Baquette', 192.51, 30, 'Oui'),
('704081167-7', 'Lid - High Heat, Super Clear', 411.63, 6, 'Oui'),
('302316567-X', 'Sage - Ground', 325.18, 43, 'Oui'),
('567976903-4', 'Beef - Short Ribs', 511.25, 31, 'Oui'),
('303628081-2', 'V8 - Tropical Blend', 25.03, 17, 'Oui'),
('998456044-9', 'Wine - Cahors Ac 2000, Clos', 712.78, 39, 'Oui'),
('547142127-2', 'Wine - Ruffino Chianti', 850.43, 12, 'Oui'),
('886978317-0', 'Juice - V8 Splash', 420.15, 32, 'Oui'),
('577952005-4', 'Bacardi Raspberry', 721.48, 41, 'Oui'),
('531532644-6', 'Wine - Zinfandel Rosenblum', 626.48, 2, 'Oui'),
('200915000-7', 'Pineapple - Regular', 702.49, 37, 'Oui'),
('645888227-0', 'Beer - Fruli', 969.23, 44, 'Oui'),
('647712691-5', 'Bag - Clear 7 Lb', 414.49, 34, 'Oui'),
('241525203-4', 'Tortillas - Flour, 12', 456.86, 12, 'Oui'),
('561121612-9', 'Chips Potato All Dressed - 43g', 500.58, 29, 'Oui'),
('332066666-5', 'Water - Aquafina Vitamin', 117.75, 6, 'Oui'),
('078893474-0', 'Table Cloth 72x144 White', 746.5, 16, 'Oui'),
('022914120-X', 'Pheasants - Whole', 829.56, 24, 'Oui'),
('039155379-8', 'Water - Aquafina Vitamin', 273.45, 13, 'Oui'),
('954874065-6', 'Guava', 163.06, 26, 'Oui'),
('901397251-9', 'Lettuce - Arugula', 32.45, 48, 'Oui'),
('627235357-X', 'Almonds Ground Blanched', 439.53, 20, 'Oui'),
('807095064-1', 'Cake - Pancake', 648.38, 18, 'Oui'),
('323419805-5', 'Wine - Sherry Dry Sack, William', 755.51, 30, 'Oui'),
('346234655-5', 'Lobster - Canned Premium', 43.34, 42, 'Oui'),
('397362972-2', 'Bread - French Baquette', 837.16, 7, 'Oui'),
('536564244-9', 'Cake - Cheese Cake 9 Inch', 503.21, 16, 'Oui'),
('455515977-2', 'Olive - Spread Tapenade', 696.34, 27, 'Oui'),
('150044432-4', 'Foam Espresso Cup Plain White', 969.83, 18, 'Oui'),
('158604109-6', 'Cheese - Sheep Milk', 961.55, 25, 'Oui'),
('025911181-3', 'Beef - Diced', 303.92, 45, 'Oui'),
('519726499-3', 'Plastic Wrap', 283.69, 35, 'Oui'),
('684920061-5', 'Milk - Condensed', 300.69, 25, 'Oui'),
('753545025-3', 'Dc Hikiage Hira Huba', 262.01, 20, 'Oui'),
('879322178-9', 'Bread - Sour Sticks With Onion', 569.64, 22, 'Oui'),
('194037662-9', 'Wine - White, Colubia Cresh', 909.6, 0, 'Non'),
('439055215-5', 'Shrimp - 100 / 200 Cold Water', 284.76, 42, 'Oui'),
('209737085-3', 'Wine - Cousino Macul Antiguas', 920.31, 29, 'Oui'),
('441356735-8', 'Muffin Mix - Oatmeal', 291.26, 0, 'Non'),
('666343765-8', 'Cheese - Brie Roitelet', 154.46, 3, 'Oui'),
('382039024-3', 'Salmon - Atlantic, Skin On', 527.09, 34, 'Oui');
